experiment_id,model,shift,magnitude,rows,attack_rate,threshold,model_applicable,clean_f1,shifted_f1,f1_degradation,recall_degradation,fpr_increase,f1_relative_change,fpr_change,clean_precision,shifted_precision,clean_recall,shifted_recall,clean_fpr,shifted_fpr,clean_roc_auc,clean_brier,clean_ece,shifted_brier,shifted_ece,drift_alerts,drift_comparisons,drift_alert_rate,detected_drift,strongest_drift_feature,inference_seconds,realized_max_abs_cohens_d,realized_mean_abs_cohens_d,realized_max_categorical_tvd,realized_verified,realized_attack_rate,realized_rows,realized_columns_removed,realized_medians,adapt_status,adapt_strategy,adapt_f1,adapt_fpr,adapt_recovery,adapt_recovery_pct,adapt_error_threshold_recalibration,adapt_error_recent_window_retrain
20260926T003707Z_shift_unsw_nb15_eae6e4,logistic_regression,packet_size,1.5,380999,0.233313,0.738288,True,0.8743528054114483,0.8651393432440266,0.009213462167421693,0.014511992080277203,0.00128377615052018,-0.010537465094637708,0.00128377615052018,0.8065294872404125,0.8012368168744007,0.9546303379381722,0.940118345857895,0.06968679285330376,0.07097056900382394,,0.11763038485123872,0.15907360859323916,0.11757439157768076,0.1521197778264337,157,192,0.817708,True,packet_rate,0.8702,0.418431,0.074045,0.0,True,0.23331294832794836,380999,[],"{'flow_duration': 1.0, 'forward_bytes': 1.0, 'backward_bytes': 1.0, 'forward_packets': 1.0, 'backward_packets': 1.0, 'total_packets': 1.0, 'total_bytes': 1.5067, 'packet_rate': 1.0, 'byte_rate': 1.4995, 'mean_packet_size': 1.4642, 'bytes_per_packet': 1.4642, 'duration_log1p': 1.0, 'packets_log1p': 1.0, 'bytes_log1p': 1.0608, 'bytes_ratio': 1.0, 'packets_ratio': 1.0}",ok,none,0.8651393432440266,0.07097056900382394,0.0,0.0,"adaptation strategy 'threshold_recalibration' wanted rows up to 2015-02-18 08:22:37, past its permitted 2015-02-18 05:37:14","adaptation strategy 'recent_window_retrain' wanted rows up to 2015-02-18 08:22:37, past its permitted 2015-02-18 05:37:14"
20260926T003707Z_shift_unsw_nb15_eae6e4,logistic_regression,packet_size,3.0,380999,0.233313,0.738288,True,0.8743528054114483,0.13599863317956604,0.7383541722318823,0.8068780092696756,0.24226396491696534,-0.8444579438210088,0.24226396491696534,0.8065294872404125,0.1259771526132538,0.9546303379381722,0.1477523286684966,0.06968679285330376,0.3119507577702691,,0.11763038485123872,0.15907360859323916,0.32478003117359044,0.26199705360137093,161,192,0.838542,True,byte_rate,0.8843,0.95393,0.173047,0.0,True,0.23331294832794836,380999,[],"{'flow_duration': 1.0, 'forward_bytes': 1.0, 'backward_bytes': 1.0, 'forward_packets': 1.0, 'backward_packets': 1.0, 'total_packets': 1.0, 'total_bytes': 3.0146, 'packet_rate': 1.0, 'byte_rate': 2.999, 'mean_packet_size': 2.932, 'bytes_per_packet': 2.932, 'duration_log1p': 1.0, 'packets_log1p': 1.0, 'bytes_log1p': 1.1637, 'bytes_ratio': 1.0, 'packets_ratio': 1.0}",ok,none,0.13599863317956604,0.3119507577702691,0.0,0.0,"adaptation strategy 'threshold_recalibration' wanted rows up to 2015-02-18 08:22:37, past its permitted 2015-02-18 05:37:14","adaptation strategy 'recent_window_retrain' wanted rows up to 2015-02-18 08:22:37, past its permitted 2015-02-18 05:37:14"
20260926T003707Z_shift_unsw_nb15_eae6e4,logistic_regression,duration,1.5,380999,0.233313,0.738288,True,0.8743528054114483,0.6902888279075277,0.18406397750392067,-0.028731494397696067,0.193778307264119,-0.21051453871335704,0.193778307264119,0.8065294872404125,0.531796584597227,0.9546303379381722,0.9833618323358683,0.06968679285330376,0.26346510011742275,,0.11763038485123872,0.15907360859323916,0.20624936512319292,0.2586003339328939,154,192,0.802083,True,packet_rate,0.892,0.874242,0.061616,0.0,True,0.23331294832794836,380999,[],"{'flow_duration': 136.5239, 'forward_bytes': 1.0, 'backward_bytes': 1.0, 'forward_packets': 1.0, 'backward_packets': 1.0, 'total_packets': 1.0, 'total_bytes': 1.0, 'packet_rate': 1.0, 'byte_rate': 1.0, 'mean_packet_size': 1.0, 'bytes_per_packet': 1.0, 'duration_log1p': 109.9147, 'packets_log1p': 1.0, 'bytes_log1p': 1.0, 'bytes_ratio': 1.0, 'packets_ratio': 1.0}",ok,none,0.6902888279075277,0.26346510011742275,0.0,0.0,"adaptation strategy 'threshold_recalibration' wanted rows up to 2015-02-18 08:22:37, past its permitted 2015-02-18 05:37:14","adaptation strategy 'recent_window_retrain' wanted rows up to 2015-02-18 08:22:37, past its permitted 2015-02-18 05:37:14"
20260926T003707Z_shift_unsw_nb15_eae6e4,logistic_regression,duration,3.0,380999,0.233313,0.738288,True,0.8743528054114483,0.5790165159015926,0.2953362895098557,-0.039429869954551555,0.36838898075020454,-0.3377770251115943,0.36838898075020454,0.8065294872404125,0.40847043161111085,0.9546303379381722,0.9940602078927238,0.06968679285330376,0.4380757736035083,,0.11763038485123872,0.15907360859323916,0.3765935625030994,0.44589820286001014,154,192,0.802083,True,packet_rate,0.8596,2.368783,0.162566,0.0,True,0.23331294832794836,380999,[],"{'flow_duration': 532.6533, 'forward_bytes': 1.0, 'backward_bytes': 1.0, 'forward_packets': 1.0, 'backward_packets': 1.0, 'total_packets': 1.0, 'total_bytes': 1.0, 'packet_rate': 1.0, 'byte_rate': 1.0, 'mean_packet_size': 1.0, 'bytes_per_packet': 1.0, 'duration_log1p': 290.2058, 'packets_log1p': 1.0, 'bytes_log1p': 1.0, 'bytes_ratio': 1.0, 'packets_ratio': 1.0}",ok,none,0.5790165159015926,0.4380757736035083,0.0,0.0,"adaptation strategy 'threshold_recalibration' wanted rows up to 2015-02-18 08:22:37, past its permitted 2015-02-18 05:37:14","adaptation strategy 'recent_window_retrain' wanted rows up to 2015-02-18 08:22:37, past its permitted 2015-02-18 05:37:14"
20260926T003707Z_shift_unsw_nb15_eae6e4,logistic_regression,packet_rate,1.5,380999,0.233313,0.738288,True,0.8743528054114483,0.9224500440069107,-0.04809723859546233,-0.0003937362192323324,-0.0345079029259826,0.055008960110591726,-0.0345079029259826,0.8065294872404125,0.8920247977303772,0.9546303379381722,0.9550240741574045,0.06968679285330376,0.035178889927321155,,0.11763038485123872,0.15907360859323916,0.11504240607887355,0.15679518880259397,152,192,0.791667,True,packet_rate,0.8651,0.199985,0.022009,0.0,True,0.23331294832794836,380999,[],"{'flow_duration': 1.0, 'forward_bytes': 1.0, 'backward_bytes': 1.0, 'forward_packets': 1.0, 'backward_packets': 1.0, 'total_packets': 1.0, 'total_bytes': 1.0, 'packet_rate': 1.5048, 'byte_rate': 1.4994, 'mean_packet_size': 1.0, 'bytes_per_packet': 1.0, 'duration_log1p': 1.0, 'packets_log1p': 1.0, 'bytes_log1p': 1.0, 'bytes_ratio': 1.0, 'packets_ratio': 1.0}",ok,none,0.9224500440069107,0.035178889927321155,0.0,0.0,"adaptation strategy 'threshold_recalibration' wanted rows up to 2015-02-18 08:22:37, past its permitted 2015-02-18 05:37:14","adaptation strategy 'recent_window_retrain' wanted rows up to 2015-02-18 08:22:37, past its permitted 2015-02-18 05:37:14"
20260926T003707Z_shift_unsw_nb15_eae6e4,logistic_regression,packet_rate,3.0,380999,0.233313,0.738288,True,0.8743528054114483,0.9234198237574136,-0.049067018345965274,-0.0008212212572559219,-0.035017989983122624,0.05611810020198377,-0.035017989983122624,0.8065294872404125,0.8934661631197467,0.9546303379381722,0.9554515591954281,0.06968679285330376,0.034668802870181134,,0.11763038485123872,0.15907360859323916,0.10762806529094986,0.14888765692757516,152,192,0.791667,True,packet_rate,0.8874,0.455871,0.050171,0.0,True,0.23331294832794836,380999,[],"{'flow_duration': 1.0, 'forward_bytes': 1.0, 'backward_bytes': 1.0, 'forward_packets': 1.0, 'backward_packets': 1.0, 'total_packets': 1.0, 'total_bytes': 1.0, 'packet_rate': 3.0098, 'byte_rate': 2.9987, 'mean_packet_size': 1.0, 'bytes_per_packet': 1.0, 'duration_log1p': 1.0, 'packets_log1p': 1.0, 'bytes_log1p': 1.0, 'bytes_ratio': 1.0, 'packets_ratio': 1.0}",ok,none,0.9234198237574136,0.034668802870181134,0.0,0.0,"adaptation strategy 'threshold_recalibration' wanted rows up to 2015-02-18 08:22:37, past its permitted 2015-02-18 05:37:14","adaptation strategy 'recent_window_retrain' wanted rows up to 2015-02-18 08:22:37, past its permitted 2015-02-18 05:37:14"
20260926T003707Z_shift_unsw_nb15_eae6e4,logistic_regression,byte_rate,1.5,380999,0.233313,0.738288,True,0.8743528054114483,0.7284232187258852,0.1459295866855631,-0.001091211807586645,0.13370443022591036,-0.16690011833025722,0.13370443022591036,0.8065294872404125,0.5884683586390336,0.9546303379381722,0.9557215497457588,0.06968679285330376,0.20339122307921412,,0.11763038485123872,0.15907360859323916,0.1215326088182362,0.16200820678586375,151,192,0.786458,True,packet_rate,0.8623,0.174137,0.010243,0.0,True,0.23331294832794836,380999,[],"{'flow_duration': 1.0, 'forward_bytes': 1.0, 'backward_bytes': 1.0, 'forward_packets': 1.0, 'backward_packets': 1.0, 'total_packets': 1.0, 'total_bytes': 1.0, 'packet_rate': 1.0, 'byte_rate': 1.4995, 'mean_packet_size': 1.0, 'bytes_per_packet': 1.0, 'duration_log1p': 1.0, 'packets_log1p': 1.0, 'bytes_log1p': 1.0, 'bytes_ratio': 1.0, 'packets_ratio': 1.0}",ok,none,0.7284232187258852,0.20339122307921412,0.0,0.0,"adaptation strategy 'threshold_recalibration' wanted rows up to 2015-02-18 08:22:37, past its permitted 2015-02-18 05:37:14","adaptation strategy 'recent_window_retrain' wanted rows up to 2015-02-18 08:22:37, past its permitted 2015-02-18 05:37:14"
20260926T003707Z_shift_unsw_nb15_eae6e4,logistic_regression,byte_rate,3.0,380999,0.233313,0.738288,True,0.8743528054114483,0.7018075147394348,0.17254529067201352,-0.0021599244026458964,0.16459037270589202,-0.1973405810607745,0.16459037270589202,0.8065294872404125,0.5541323256344268,0.9546303379381722,0.9567902623408181,0.06968679285330376,0.23427716555919578,,0.11763038485123872,0.15907360859323916,0.13238907115611445,0.16960024688613803,151,192,0.786458,True,byte_rate,0.8683,0.396954,0.02335,0.0,True,0.23331294832794836,380999,[],"{'flow_duration': 1.0, 'forward_bytes': 1.0, 'backward_bytes': 1.0, 'forward_packets': 1.0, 'backward_packets': 1.0, 'total_packets': 1.0, 'total_bytes': 1.0, 'packet_rate': 1.0, 'byte_rate': 2.9989, 'mean_packet_size': 1.0, 'bytes_per_packet': 1.0, 'duration_log1p': 1.0, 'packets_log1p': 1.0, 'bytes_log1p': 1.0, 'bytes_ratio': 1.0, 'packets_ratio': 1.0}",ok,none,0.7018075147394348,0.23427716555919578,0.0,0.0,"adaptation strategy 'threshold_recalibration' wanted rows up to 2015-02-18 08:22:37, past its permitted 2015-02-18 05:37:14","adaptation strategy 'recent_window_retrain' wanted rows up to 2015-02-18 08:22:37, past its permitted 2015-02-18 05:37:14"
20260926T003707Z_shift_unsw_nb15_eae6e4,logistic_regression,iat,1.5,380999,0.233313,0.738288,True,0.8743528054114483,0.9230284528556064,-0.04867564744415809,-0.0011587094451693813,-0.034631145436432545,0.05567048809462281,-0.034631145436432545,0.8065294872404125,0.8924392344698641,0.9546303379381722,0.9557890473833416,0.06968679285330376,0.03505564741687121,,0.11763038485123872,0.15907360859323916,0.112482570215199,0.15435097694609376,152,192,0.791667,True,packet_rate,0.8669,0.322343,0.035473,0.0,True,0.23331294832794836,380999,[],"{'flow_duration': 1.0, 'forward_bytes': 1.0, 'backward_bytes': 1.0, 'forward_packets': 1.0, 'backward_packets': 1.0, 'total_packets': 1.0, 'total_bytes': 1.0, 'packet_rate': 2.0125, 'byte_rate': 1.9988, 'mean_packet_size': 1.0, 'bytes_per_packet': 1.0, 'duration_log1p': 1.0, 'packets_log1p': 1.0, 'bytes_log1p': 1.0, 'bytes_ratio': 1.0, 'packets_ratio': 1.0}",ok,none,0.9230284528556064,0.03505564741687121,0.0,0.0,"adaptation strategy 'threshold_recalibration' wanted rows up to 2015-02-18 08:22:37, past its permitted 2015-02-18 05:37:14","adaptation strategy 'recent_window_retrain' wanted rows up to 2015-02-18 08:22:37, past its permitted 2015-02-18 05:37:14"
20260926T003707Z_shift_unsw_nb15_eae6e4,logistic_regression,iat,3.0,380999,0.233313,0.738288,True,0.8743528054114483,0.9052873461141392,-0.03093454070269086,0.037213697520586786,-0.03640104482261637,0.03537992960191149,-0.03640104482261637,0.8065294872404125,0.8934745929837632,0.9546303379381722,0.9174166404175854,0.06968679285330376,0.03328574803068739,,0.11763038485123872,0.15907360859323916,0.10065185752622041,0.13567021452768313,152,192,0.791667,True,packet_rate,0.8703,0.565338,0.062214,0.0,True,0.23331294832794836,380999,[],"{'flow_duration': 1.0, 'forward_bytes': 1.0, 'backward_bytes': 1.0, 'forward_packets': 1.0, 'backward_packets': 1.0, 'total_packets': 1.0, 'total_bytes': 1.0, 'packet_rate': 5.0207, 'byte_rate': 4.9971, 'mean_packet_size': 1.0, 'bytes_per_packet': 1.0, 'duration_log1p': 1.0, 'packets_log1p': 1.0, 'bytes_log1p': 1.0, 'bytes_ratio': 1.0, 'packets_ratio': 1.0}",ok,none,0.9052873461141392,0.03328574803068739,0.0,0.0,"adaptation strategy 'threshold_recalibration' wanted rows up to 2015-02-18 08:22:37, past its permitted 2015-02-18 05:37:14","adaptation strategy 'recent_window_retrain' wanted rows up to 2015-02-18 08:22:37, past its permitted 2015-02-18 05:37:14"
20260926T003707Z_shift_unsw_nb15_eae6e4,logistic_regression,protocol_mixture,3.0,380999,0.233313,0.738288,True,0.8743528054114483,0.6926187776976193,0.18173402771382907,0.00959591414300498,0.16884566271948293,-0.2078497679530057,0.16884566271948293,0.8065294872404125,0.5466186891198116,0.9546303379381722,0.9450344237951672,0.06968679285330376,0.23853245557278668,,0.11763038485123872,0.15907360859323916,0.22943544464136809,0.26780753896678483,150,192,0.78125,True,packet_rate,0.8706,0.0,0.0,0.964493,True,0.23331294832794836,380999,[],"{'flow_duration': 1.0, 'forward_bytes': 1.0, 'backward_bytes': 1.0, 'forward_packets': 1.0, 'backward_packets': 1.0, 'total_packets': 1.0, 'total_bytes': 1.0, 'packet_rate': 1.0, 'byte_rate': 1.0, 'mean_packet_size': 1.0, 'bytes_per_packet': 1.0, 'duration_log1p': 1.0, 'packets_log1p': 1.0, 'bytes_log1p': 1.0, 'bytes_ratio': 1.0, 'packets_ratio': 1.0}",ok,none,0.6926187776976193,0.23853245557278668,0.0,0.0,"adaptation strategy 'threshold_recalibration' wanted rows up to 2015-02-18 08:22:37, past its permitted 2015-02-18 05:37:14","adaptation strategy 'recent_window_retrain' wanted rows up to 2015-02-18 08:22:37, past its permitted 2015-02-18 05:37:14"
20260926T003707Z_shift_unsw_nb15_eae6e4,logistic_regression,class_prevalence,0.05,307481,0.05,0.738288,True,0.8743528054114483,0.5814955237509181,0.29285728166053027,0.0019179664018120768,0.0,-0.3349417761892112,0.0,0.8065294872404125,0.41844984715595807,0.9546303379381722,0.9527123715363601,0.06968679285330376,0.06968679285330376,,0.11763038485123872,0.15907360859323916,0.1417510717014011,0.2083216608535522,132,192,0.6875,True,packet_rate,0.6884,0.544868,0.128818,0.105138,True,0.04999983738832643,307481,[],"{'flow_duration': 2.8686, 'forward_bytes': 1.9623, 'backward_bytes': 2.7434, 'forward_packets': 2.5, 'backward_packets': 2.0, 'total_packets': 2.5, 'total_bytes': 3.2, 'packet_rate': 0.921, 'byte_rate': 0.559, 'mean_packet_size': 1.0, 'bytes_per_packet': 1.0, 'duration_log1p': 2.8584, 'packets_log1p': 1.3856, 'bytes_log1p': 1.1726, 'bytes_ratio': 0.7376, 'packets_ratio': 1.0}",ok,none,0.5814955237509181,0.06968679285330376,0.0,0.0,"adaptation strategy 'threshold_recalibration' wanted rows up to 2015-02-18 08:22:37, past its permitted 2015-02-18 05:37:14","adaptation strategy 'recent_window_retrain' wanted rows up to 2015-02-18 08:22:37, past its permitted 2015-02-18 05:37:14"
20260926T003707Z_shift_unsw_nb15_eae6e4,logistic_regression,class_prevalence,0.3,296307,0.3,0.738288,True,0.8743528054114483,0.902078760078877,-0.027725954667428665,0.0,-0.00030897543411999295,0.03171025985829774,-0.00030897543411999295,0.8065294872404125,0.855011133613437,0.9546303379381722,0.9546303379381722,0.06968679285330376,0.06937781741918377,,0.11763038485123872,0.15907360859323916,0.10880047004010371,0.14109401587567288,155,192,0.807292,True,packet_rate,0.6439,0.151233,0.043137,0.049225,True,0.29999966251219173,296307,[],"{'flow_duration': 0.2947, 'forward_bytes': 0.6226, 'backward_bytes': 0.5855, 'forward_packets': 0.5, 'backward_packets': 0.5, 'total_packets': 0.5, 'total_bytes': 0.3857, 'packet_rate': 1.1109, 'byte_rate': 1.3732, 'mean_packet_size': 0.8333, 'bytes_per_packet': 0.8333, 'duration_log1p': 0.2951, 'packets_log1p': 0.7325, 'bytes_log1p': 0.8588, 'bytes_ratio': 1.047, 'packets_ratio': 1.0333}",ok,none,0.902078760078877,0.06937781741918377,0.0,0.0,"adaptation strategy 'threshold_recalibration' wanted rows up to 2015-02-18 08:22:37, past its permitted 2015-02-18 05:37:14","adaptation strategy 'recent_window_retrain' wanted rows up to 2015-02-18 08:22:37, past its permitted 2015-02-18 05:37:14"
20260926T003707Z_shift_unsw_nb15_eae6e4,logistic_regression,telemetry_reduction,0.0,380999,0.233313,0.738288,False,0.8743528054114483,0.8743528054114483,0.0,0.0,0.0,,0.0,0.8065294872404125,0.8065294872404125,0.9546303379381722,0.9546303379381722,0.06968679285330376,0.06968679285330376,,0.11763038485123872,0.15907360859323916,0.11763038485123872,0.15907360859323916,116,144,0.805556,True,packet_rate,0.0001,0.0,0.0,0.0,True,0.23331294832794836,380999,"['backward_bytes', 'backward_packets', 'forward_bytes', 'forward_packets']","{'flow_duration': 1.0, 'total_packets': 1.0, 'total_bytes': 1.0, 'packet_rate': 1.0, 'byte_rate': 1.0, 'mean_packet_size': 1.0, 'bytes_per_packet': 1.0, 'duration_log1p': 1.0, 'packets_log1p': 1.0, 'bytes_log1p': 1.0, 'bytes_ratio': 1.0, 'packets_ratio': 1.0}",inapplicable_reduced_telemetry,,,,0.0,,,
20260926T003707Z_shift_unsw_nb15_eae6e4,random_forest,packet_size,1.5,380999,0.233313,0.014439,True,0.9018908203720647,0.48823650569157045,0.41365431468049424,-0.001946181883634046,0.5724683078460975,-0.45865231726146843,0.5724683078460975,0.8226299977746458,0.3229582587023103,0.998053818116366,1.0,0.0654862772888017,0.6379545851348992,,0.009893066373243407,0.005574291481104901,0.10668542826529867,0.11336294024785884,157,192,0.817708,True,packet_rate,1.1983,0.418431,0.074045,0.0,True,0.23331294832794836,380999,[],"{'flow_duration': 1.0, 'forward_bytes': 1.0, 'backward_bytes': 1.0, 'forward_packets': 1.0, 'backward_packets': 1.0, 'total_packets': 1.0, 'total_bytes': 1.5067, 'packet_rate': 1.0, 'byte_rate': 1.4995, 'mean_packet_size': 1.4642, 'bytes_per_packet': 1.4642, 'duration_log1p': 1.0, 'packets_log1p': 1.0, 'bytes_log1p': 1.0608, 'bytes_ratio': 1.0, 'packets_ratio': 1.0}",ok,none,0.48823650569157045,0.6379545851348992,0.0,0.0,"adaptation strategy 'threshold_recalibration' wanted rows up to 2015-02-18 08:22:37, past its permitted 2015-02-18 05:37:14","adaptation strategy 'recent_window_retrain' wanted rows up to 2015-02-18 08:22:37, past its permitted 2015-02-18 05:37:14"
20260926T003707Z_shift_unsw_nb15_eae6e4,random_forest,packet_size,3.0,380999,0.233313,0.014439,True,0.9018908203720647,0.4060664199899502,0.4958244003821145,-0.001946181883634046,0.8247217629156439,-0.549761001201418,0.8247217629156439,0.8226299977746458,0.25475742846661775,0.998053818116366,1.0,0.0654862772888017,0.8902080402044457,,0.009893066373243407,0.005574291481104901,0.1204408865461413,0.15810662345189672,161,192,0.838542,True,byte_rate,1.1573,0.95393,0.173047,0.0,True,0.23331294832794836,380999,[],"{'flow_duration': 1.0, 'forward_bytes': 1.0, 'backward_bytes': 1.0, 'forward_packets': 1.0, 'backward_packets': 1.0, 'total_packets': 1.0, 'total_bytes': 3.0146, 'packet_rate': 1.0, 'byte_rate': 2.999, 'mean_packet_size': 2.932, 'bytes_per_packet': 2.932, 'duration_log1p': 1.0, 'packets_log1p': 1.0, 'bytes_log1p': 1.1637, 'bytes_ratio': 1.0, 'packets_ratio': 1.0}",ok,none,0.4060664199899502,0.8902080402044457,0.0,0.0,"adaptation strategy 'threshold_recalibration' wanted rows up to 2015-02-18 08:22:37, past its permitted 2015-02-18 05:37:14","adaptation strategy 'recent_window_retrain' wanted rows up to 2015-02-18 08:22:37, past its permitted 2015-02-18 05:37:14"
20260926T003707Z_shift_unsw_nb15_eae6e4,random_forest,duration,1.5,380999,0.233313,0.014439,True,0.9018908203720647,0.4892980500626127,0.412592770309452,-0.001946181883634046,0.5697638194223349,-0.4574752963326998,0.5697638194223349,0.8226299977746458,0.32388787879892006,0.998053818116366,1.0,0.0654862772888017,0.6352500967111366,,0.009893066373243407,0.005574291481104901,0.03271314929204347,0.11124742262164027,154,192,0.802083,True,packet_rate,1.1653,0.874242,0.061616,0.0,True,0.23331294832794836,380999,[],"{'flow_duration': 136.5239, 'forward_bytes': 1.0, 'backward_bytes': 1.0, 'forward_packets': 1.0, 'backward_packets': 1.0, 'total_packets': 1.0, 'total_bytes': 1.0, 'packet_rate': 1.0, 'byte_rate': 1.0, 'mean_packet_size': 1.0, 'bytes_per_packet': 1.0, 'duration_log1p': 109.9147, 'packets_log1p': 1.0, 'bytes_log1p': 1.0, 'bytes_ratio': 1.0, 'packets_ratio': 1.0}",ok,none,0.4892980500626127,0.6352500967111366,0.0,0.0,"adaptation strategy 'threshold_recalibration' wanted rows up to 2015-02-18 08:22:37, past its permitted 2015-02-18 05:37:14","adaptation strategy 'recent_window_retrain' wanted rows up to 2015-02-18 08:22:37, past its permitted 2015-02-18 05:37:14"
20260926T003707Z_shift_unsw_nb15_eae6e4,random_forest,duration,3.0,380999,0.233313,0.014439,True,0.9018908203720647,0.4598333794587548,0.4420574409133099,-0.001946181883634046,0.6494674896527642,-0.49014518268513274,0.6494674896527642,0.8226299977746458,0.2985608007120426,0.998053818116366,1.0,0.0654862772888017,0.714953766941566,,0.009893066373243407,0.005574291481104901,0.036155280389038806,0.12165502077610357,154,192,0.802083,True,packet_rate,1.1748,2.368783,0.162566,0.0,True,0.23331294832794836,380999,[],"{'flow_duration': 532.6533, 'forward_bytes': 1.0, 'backward_bytes': 1.0, 'forward_packets': 1.0, 'backward_packets': 1.0, 'total_packets': 1.0, 'total_bytes': 1.0, 'packet_rate': 1.0, 'byte_rate': 1.0, 'mean_packet_size': 1.0, 'bytes_per_packet': 1.0, 'duration_log1p': 290.2058, 'packets_log1p': 1.0, 'bytes_log1p': 1.0, 'bytes_ratio': 1.0, 'packets_ratio': 1.0}",ok,none,0.4598333794587548,0.714953766941566,0.0,0.0,"adaptation strategy 'threshold_recalibration' wanted rows up to 2015-02-18 08:22:37, past its permitted 2015-02-18 05:37:14","adaptation strategy 'recent_window_retrain' wanted rows up to 2015-02-18 08:22:37, past its permitted 2015-02-18 05:37:14"
20260926T003707Z_shift_unsw_nb15_eae6e4,random_forest,packet_rate,1.5,380999,0.233313,0.014439,True,0.9018908203720647,0.6767392992554018,0.22515152111666292,-0.0018899338523151732,0.22520514742885317,-0.24964387709787228,0.22520514742885317,0.8226299977746458,0.5114326812428078,0.998053818116366,0.9999437519686811,0.0654862772888017,0.29069142471765486,,0.009893066373243407,0.005574291481104901,0.011817167342140684,0.01782781510014634,152,192,0.791667,True,packet_rate,1.217,0.199985,0.022009,0.0,True,0.23331294832794836,380999,[],"{'flow_duration': 1.0, 'forward_bytes': 1.0, 'backward_bytes': 1.0, 'forward_packets': 1.0, 'backward_packets': 1.0, 'total_packets': 1.0, 'total_bytes': 1.0, 'packet_rate': 1.5048, 'byte_rate': 1.4994, 'mean_packet_size': 1.0, 'bytes_per_packet': 1.0, 'duration_log1p': 1.0, 'packets_log1p': 1.0, 'bytes_log1p': 1.0, 'bytes_ratio': 1.0, 'packets_ratio': 1.0}",ok,none,0.6767392992554018,0.29069142471765486,0.0,0.0,"adaptation strategy 'threshold_recalibration' wanted rows up to 2015-02-18 08:22:37, past its permitted 2015-02-18 05:37:14","adaptation strategy 'recent_window_retrain' wanted rows up to 2015-02-18 08:22:37, past its permitted 2015-02-18 05:37:14"
20260926T003707Z_shift_unsw_nb15_eae6e4,random_forest,packet_rate,3.0,380999,0.233313,0.014439,True,0.9018908203720647,0.648352530108178,0.25353829026388675,-0.0018336858209961893,0.2645434720838597,-0.2811186060850386,0.2645434720838597,0.8226299977746458,0.47970165042151053,0.998053818116366,0.9998875039373621,0.0654862772888017,0.3300297493726614,,0.009893066373243407,0.005574291481104901,0.01416031111188504,0.025554281399450367,152,192,0.791667,True,packet_rate,1.1693,0.455871,0.050171,0.0,True,0.23331294832794836,380999,[],"{'flow_duration': 1.0, 'forward_bytes': 1.0, 'backward_bytes': 1.0, 'forward_packets': 1.0, 'backward_packets': 1.0, 'total_packets': 1.0, 'total_bytes': 1.0, 'packet_rate': 3.0098, 'byte_rate': 2.9987, 'mean_packet_size': 1.0, 'bytes_per_packet': 1.0, 'duration_log1p': 1.0, 'packets_log1p': 1.0, 'bytes_log1p': 1.0, 'bytes_ratio': 1.0, 'packets_ratio': 1.0}",ok,none,0.648352530108178,0.3300297493726614,0.0,0.0,"adaptation strategy 'threshold_recalibration' wanted rows up to 2015-02-18 08:22:37, past its permitted 2015-02-18 05:37:14","adaptation strategy 'recent_window_retrain' wanted rows up to 2015-02-18 08:22:37, past its permitted 2015-02-18 05:37:14"
20260926T003707Z_shift_unsw_nb15_eae6e4,random_forest,byte_rate,1.5,380999,0.233313,0.014439,True,0.9018908203720647,0.6719584519260209,0.2299323684460438,-0.0018899338523151732,0.23160348776304573,-0.25494479293090916,0.23160348776304573,0.8226299977746458,0.5059913815186515,0.998053818116366,0.9999437519686811,0.0654862772888017,0.2970897650518474,,0.009893066373243407,0.005574291481104901,0.009841511824684344,0.01333224661814302,151,192,0.786458,True,packet_rate,1.1706,0.174137,0.010243,0.0,True,0.23331294832794836,380999,[],"{'flow_duration': 1.0, 'forward_bytes': 1.0, 'backward_bytes': 1.0, 'forward_packets': 1.0, 'backward_packets': 1.0, 'total_packets': 1.0, 'total_bytes': 1.0, 'packet_rate': 1.0, 'byte_rate': 1.4995, 'mean_packet_size': 1.0, 'bytes_per_packet': 1.0, 'duration_log1p': 1.0, 'packets_log1p': 1.0, 'bytes_log1p': 1.0, 'bytes_ratio': 1.0, 'packets_ratio': 1.0}",ok,none,0.6719584519260209,0.2970897650518474,0.0,0.0,"adaptation strategy 'threshold_recalibration' wanted rows up to 2015-02-18 08:22:37, past its permitted 2015-02-18 05:37:14","adaptation strategy 'recent_window_retrain' wanted rows up to 2015-02-18 08:22:37, past its permitted 2015-02-18 05:37:14"
20260926T003707Z_shift_unsw_nb15_eae6e4,random_forest,byte_rate,3.0,380999,0.233313,0.014439,True,0.9018908203720647,0.6377111044150775,0.2641797159569872,-0.0019011834585789256,0.2802500453600907,-0.2929176237185815,0.2802500453600907,0.8226299977746458,0.4681272382557405,0.998053818116366,0.9999550015749449,0.0654862772888017,0.34573632264889237,,0.009893066373243407,0.005574291481104901,0.010805734745127265,0.02458271197313744,151,192,0.786458,True,byte_rate,1.1484,0.396954,0.02335,0.0,True,0.23331294832794836,380999,[],"{'flow_duration': 1.0, 'forward_bytes': 1.0, 'backward_bytes': 1.0, 'forward_packets': 1.0, 'backward_packets': 1.0, 'total_packets': 1.0, 'total_bytes': 1.0, 'packet_rate': 1.0, 'byte_rate': 2.9989, 'mean_packet_size': 1.0, 'bytes_per_packet': 1.0, 'duration_log1p': 1.0, 'packets_log1p': 1.0, 'bytes_log1p': 1.0, 'bytes_ratio': 1.0, 'packets_ratio': 1.0}",ok,none,0.6377111044150775,0.34573632264889237,0.0,0.0,"adaptation strategy 'threshold_recalibration' wanted rows up to 2015-02-18 08:22:37, past its permitted 2015-02-18 05:37:14","adaptation strategy 'recent_window_retrain' wanted rows up to 2015-02-18 08:22:37, past its permitted 2015-02-18 05:37:14"
20260926T003707Z_shift_unsw_nb15_eae6e4,random_forest,iat,1.5,380999,0.233313,0.014439,True,0.9018908203720647,0.687371432990488,0.21451938738157672,-0.001856185033523805,0.21127532034494212,-0.23785516221695127,0.21127532034494212,0.8226299977746458,0.5236849547511312,0.998053818116366,0.9999100031498898,0.0654862772888017,0.2767615976337438,,0.009893066373243407,0.005574291481104901,0.01291502061048035,0.021448915935584043,152,192,0.791667,True,packet_rate,1.1863,0.322343,0.035473,0.0,True,0.23331294832794836,380999,[],"{'flow_duration': 1.0, 'forward_bytes': 1.0, 'backward_bytes': 1.0, 'forward_packets': 1.0, 'backward_packets': 1.0, 'total_packets': 1.0, 'total_bytes': 1.0, 'packet_rate': 2.0125, 'byte_rate': 1.9988, 'mean_packet_size': 1.0, 'bytes_per_packet': 1.0, 'duration_log1p': 1.0, 'packets_log1p': 1.0, 'bytes_log1p': 1.0, 'bytes_ratio': 1.0, 'packets_ratio': 1.0}",ok,none,0.687371432990488,0.2767615976337438,0.0,0.0,"adaptation strategy 'threshold_recalibration' wanted rows up to 2015-02-18 08:22:37, past its permitted 2015-02-18 05:37:14","adaptation strategy 'recent_window_retrain' wanted rows up to 2015-02-18 08:22:37, past its permitted 2015-02-18 05:37:14"
20260926T003707Z_shift_unsw_nb15_eae6e4,random_forest,iat,3.0,380999,0.233313,0.014439,True,0.9018908203720647,0.6423130844498403,0.25957773592222444,-0.0018336858209961893,0.2733690051933025,-0.2878150326612024,0.2733690051933025,0.8226299977746458,0.4731188519354427,0.998053818116366,0.9998875039373621,0.0654862772888017,0.33885528248210417,,0.009893066373243407,0.005574291481104901,0.016998293012384286,0.03318084852372839,152,192,0.791667,True,packet_rate,1.1441,0.565338,0.062214,0.0,True,0.23331294832794836,380999,[],"{'flow_duration': 1.0, 'forward_bytes': 1.0, 'backward_bytes': 1.0, 'forward_packets': 1.0, 'backward_packets': 1.0, 'total_packets': 1.0, 'total_bytes': 1.0, 'packet_rate': 5.0207, 'byte_rate': 4.9971, 'mean_packet_size': 1.0, 'bytes_per_packet': 1.0, 'duration_log1p': 1.0, 'packets_log1p': 1.0, 'bytes_log1p': 1.0, 'bytes_ratio': 1.0, 'packets_ratio': 1.0}",ok,none,0.6423130844498403,0.33885528248210417,0.0,0.0,"adaptation strategy 'threshold_recalibration' wanted rows up to 2015-02-18 08:22:37, past its permitted 2015-02-18 05:37:14","adaptation strategy 'recent_window_retrain' wanted rows up to 2015-02-18 08:22:37, past its permitted 2015-02-18 05:37:14"
20260926T003707Z_shift_unsw_nb15_eae6e4,random_forest,protocol_mixture,3.0,380999,0.233313,0.014439,True,0.9018908203720647,0.41490543492466536,0.48698538544739933,-0.0019349322773702937,0.7927779888876336,-0.539960463558659,0.7927779888876336,0.8226299977746458,0.26175514434798997,0.998053818116366,0.9999887503937362,0.0654862772888017,0.8582642661764354,,0.009893066373243407,0.005574291481104901,0.028163457443486514,0.10712109628715799,150,192,0.78125,True,packet_rate,1.1807,0.0,0.0,0.964493,True,0.23331294832794836,380999,[],"{'flow_duration': 1.0, 'forward_bytes': 1.0, 'backward_bytes': 1.0, 'forward_packets': 1.0, 'backward_packets': 1.0, 'total_packets': 1.0, 'total_bytes': 1.0, 'packet_rate': 1.0, 'byte_rate': 1.0, 'mean_packet_size': 1.0, 'bytes_per_packet': 1.0, 'duration_log1p': 1.0, 'packets_log1p': 1.0, 'bytes_log1p': 1.0, 'bytes_ratio': 1.0, 'packets_ratio': 1.0}",ok,none,0.41490543492466536,0.8582642661764354,0.0,0.0,"adaptation strategy 'threshold_recalibration' wanted rows up to 2015-02-18 08:22:37, past its permitted 2015-02-18 05:37:14","adaptation strategy 'recent_window_retrain' wanted rows up to 2015-02-18 08:22:37, past its permitted 2015-02-18 05:37:14"
20260926T003707Z_shift_unsw_nb15_eae6e4,random_forest,class_prevalence,0.05,307481,0.05,0.014439,True,0.9018908203720647,0.6155605489126074,0.28633027145945733,0.0002002991883055527,0.0,-0.3174777533951782,0.0,0.8226299977746458,0.4450536698578474,0.998053818116366,0.9978535189280604,0.0654862772888017,0.0654862772888017,,0.009893066373243407,0.005574291481104901,0.008357541278029667,0.011093390943345018,132,192,0.6875,True,packet_rate,0.9304,0.544868,0.128818,0.105138,True,0.04999983738832643,307481,[],"{'flow_duration': 2.8686, 'forward_bytes': 1.9623, 'backward_bytes': 2.7434, 'forward_packets': 2.5, 'backward_packets': 2.0, 'total_packets': 2.5, 'total_bytes': 3.2, 'packet_rate': 0.921, 'byte_rate': 0.559, 'mean_packet_size': 1.0, 'bytes_per_packet': 1.0, 'duration_log1p': 2.8584, 'packets_log1p': 1.3856, 'bytes_log1p': 1.1726, 'bytes_ratio': 0.7376, 'packets_ratio': 1.0}",ok,none,0.6155605489126074,0.0654862772888017,0.0,0.0,"adaptation strategy 'threshold_recalibration' wanted rows up to 2015-02-18 08:22:37, past its permitted 2015-02-18 05:37:14","adaptation strategy 'recent_window_retrain' wanted rows up to 2015-02-18 08:22:37, past its permitted 2015-02-18 05:37:14"
20260926T003707Z_shift_unsw_nb15_eae6e4,random_forest,class_prevalence,0.3,296307,0.3,0.014439,True,0.9018908203720647,0.9281152415773534,-0.026224421205288673,0.0,-6.188657453320978e-05,0.029077157248889714,-6.188657453320978e-05,0.8226299977746458,0.8673366637663874,0.998053818116366,0.998053818116366,0.0654862772888017,0.06542439071426849,,0.009893066373243407,0.005574291481104901,0.010459755032182627,0.005484055308995811,155,192,0.807292,True,packet_rate,0.8767,0.151233,0.043137,0.049225,True,0.29999966251219173,296307,[],"{'flow_duration': 0.2947, 'forward_bytes': 0.6226, 'backward_bytes': 0.5855, 'forward_packets': 0.5, 'backward_packets': 0.5, 'total_packets': 0.5, 'total_bytes': 0.3857, 'packet_rate': 1.1109, 'byte_rate': 1.3732, 'mean_packet_size': 0.8333, 'bytes_per_packet': 0.8333, 'duration_log1p': 0.2951, 'packets_log1p': 0.7325, 'bytes_log1p': 0.8588, 'bytes_ratio': 1.047, 'packets_ratio': 1.0333}",ok,none,0.9281152415773534,0.06542439071426849,0.0,0.0,"adaptation strategy 'threshold_recalibration' wanted rows up to 2015-02-18 08:22:37, past its permitted 2015-02-18 05:37:14","adaptation strategy 'recent_window_retrain' wanted rows up to 2015-02-18 08:22:37, past its permitted 2015-02-18 05:37:14"
20260926T003707Z_shift_unsw_nb15_eae6e4,random_forest,telemetry_reduction,0.0,380999,0.233313,0.014439,False,0.9018908203720647,0.9018908203720647,0.0,0.0,0.0,,0.0,0.8226299977746458,0.8226299977746458,0.998053818116366,0.998053818116366,0.0654862772888017,0.0654862772888017,,0.009893066373243407,0.005574291481104901,0.009893066373243407,0.005574291481104901,116,144,0.805556,True,packet_rate,0.0001,0.0,0.0,0.0,True,0.23331294832794836,380999,"['backward_bytes', 'backward_packets', 'forward_bytes', 'forward_packets']","{'flow_duration': 1.0, 'total_packets': 1.0, 'total_bytes': 1.0, 'packet_rate': 1.0, 'byte_rate': 1.0, 'mean_packet_size': 1.0, 'bytes_per_packet': 1.0, 'duration_log1p': 1.0, 'packets_log1p': 1.0, 'bytes_log1p': 1.0, 'bytes_ratio': 1.0, 'packets_ratio': 1.0}",inapplicable_reduced_telemetry,,,,0.0,,,
