window_start,window_end,feature,method,statistic,threshold,alert,p_value,effect_size,n_reference,n_window
2016-08-08 00:26:09,2016-08-08 12:26:09,flow_duration,ks,0.142782,0.003228,True,0.0,0.142782,4409934,269693
2016-08-08 00:26:09,2016-08-08 12:26:09,flow_duration,wasserstein,3.01057,0.1,True,,1.625578,4409934,269693
2016-08-08 00:26:09,2016-08-08 12:26:09,flow_duration,psi,0.087864,0.2,False,,0.087864,4409934,269693
2016-08-08 00:26:09,2016-08-08 12:26:09,flow_duration,cusum,1.685752,8.56461,False,,0.133385,4409934,269693
2016-08-08 00:26:09,2016-08-08 12:26:09,total_packets,ks,0.046889,0.003228,True,0.0,0.046889,4409934,269693
2016-08-08 00:26:09,2016-08-08 12:26:09,total_packets,wasserstein,5.479469,0.1,True,,0.782781,4409934,269693
2016-08-08 00:26:09,2016-08-08 12:26:09,total_packets,psi,0.034881,0.2,False,,0.034881,4409934,269693
2016-08-08 00:26:09,2016-08-08 12:26:09,total_packets,cusum,0.0,8.56461,False,,0.000371,4409934,269693
2016-08-08 00:26:09,2016-08-08 12:26:09,total_bytes,ks,0.053349,0.003228,True,0.0,0.053349,4409934,269693
2016-08-08 00:26:09,2016-08-08 12:26:09,total_bytes,wasserstein,6227.053295,0.1,True,,6.010669,4409934,269693
2016-08-08 00:26:09,2016-08-08 12:26:09,total_bytes,psi,0.05297,0.2,False,,0.05297,4409934,269693
2016-08-08 00:26:09,2016-08-08 12:26:09,total_bytes,cusum,0.0,8.56461,False,,0.000514,4409934,269693
2016-08-08 00:26:09,2016-08-08 12:26:09,packet_rate,ks,0.074326,0.003228,True,0.0,0.074326,4409934,269693
2016-08-08 00:26:09,2016-08-08 12:26:09,packet_rate,wasserstein,12.653409,0.1,True,,1.057825,4409934,269693
2016-08-08 00:26:09,2016-08-08 12:26:09,packet_rate,psi,0.019862,0.2,False,,0.019862,4409934,269693
2016-08-08 00:26:09,2016-08-08 12:26:09,packet_rate,cusum,0.0,8.56461,False,,0.060897,4409934,269693
2016-08-08 00:26:09,2016-08-08 12:26:09,byte_rate,ks,0.074287,0.003228,True,0.0,0.074287,4409934,269693
2016-08-08 00:26:09,2016-08-08 12:26:09,byte_rate,wasserstein,14608.659013,0.1,True,,10.670673,4409934,269693
2016-08-08 00:26:09,2016-08-08 12:26:09,byte_rate,psi,0.017323,0.2,False,,0.017323,4409934,269693
2016-08-08 00:26:09,2016-08-08 12:26:09,byte_rate,cusum,0.0,8.56461,False,,0.055861,4409934,269693
2016-08-08 00:26:09,2016-08-08 12:26:09,mean_packet_size,ks,0.084596,0.003228,True,0.0,0.084596,4409934,269693
2016-08-08 00:26:09,2016-08-08 12:26:09,mean_packet_size,wasserstein,23.327056,0.1,True,,0.242485,4409934,269693
2016-08-08 00:26:09,2016-08-08 12:26:09,mean_packet_size,psi,0.087779,0.2,False,,0.087779,4409934,269693
2016-08-08 00:26:09,2016-08-08 12:26:09,mean_packet_size,cusum,0.0,8.56461,False,,0.004221,4409934,269693
2016-08-08 00:26:09,2016-08-08 12:26:09,bytes_per_packet,ks,0.084596,0.003228,True,0.0,0.084596,4409934,269693
2016-08-08 00:26:09,2016-08-08 12:26:09,bytes_per_packet,wasserstein,23.327056,0.1,True,,0.242485,4409934,269693
2016-08-08 00:26:09,2016-08-08 12:26:09,bytes_per_packet,psi,0.087779,0.2,False,,0.087779,4409934,269693
2016-08-08 00:26:09,2016-08-08 12:26:09,bytes_per_packet,cusum,0.0,8.56461,False,,0.004221,4409934,269693
2016-08-08 00:26:09,2016-08-08 12:26:09,duration_log1p,ks,0.142782,0.003228,True,0.0,0.142782,4409934,269693
2016-08-08 00:26:09,2016-08-08 12:26:09,duration_log1p,wasserstein,0.294841,0.1,True,,0.281331,4409934,269693
2016-08-08 00:26:09,2016-08-08 12:26:09,duration_log1p,psi,0.087864,0.2,False,,0.087864,4409934,269693
2016-08-08 00:26:09,2016-08-08 12:26:09,duration_log1p,cusum,1.396553,8.56461,False,,0.300675,4409934,269693
2016-08-14 12:26:09,2016-08-15 00:26:09,flow_duration,ks,0.086581,0.001717,True,0.0,0.086581,4409934,1127953
2016-08-14 12:26:09,2016-08-15 00:26:09,flow_duration,wasserstein,0.86946,0.1,True,,0.469471,4409934,1127953
2016-08-14 12:26:09,2016-08-15 00:26:09,flow_duration,psi,0.041454,0.2,False,,0.041454,4409934,1127953
2016-08-14 12:26:09,2016-08-15 00:26:09,flow_duration,cusum,3.483544,10.520316,False,,0.012107,4409934,1127953
2016-08-14 12:26:09,2016-08-15 00:26:09,total_packets,ks,0.03387,0.001717,True,0.0,0.03387,4409934,1127953
2016-08-14 12:26:09,2016-08-15 00:26:09,total_packets,wasserstein,3.181355,0.1,True,,0.454479,4409934,1127953
2016-08-14 12:26:09,2016-08-15 00:26:09,total_packets,psi,0.022641,0.2,False,,0.022641,4409934,1127953
2016-08-14 12:26:09,2016-08-15 00:26:09,total_packets,cusum,1.059452,10.520316,False,,0.00055,4409934,1127953
2016-08-14 12:26:09,2016-08-15 00:26:09,total_bytes,ks,0.063027,0.001717,True,0.0,0.063027,4409934,1127953
2016-08-14 12:26:09,2016-08-15 00:26:09,total_bytes,wasserstein,3961.397633,0.1,True,,3.823743,4409934,1127953
2016-08-14 12:26:09,2016-08-15 00:26:09,total_bytes,psi,0.063663,0.2,False,,0.063663,4409934,1127953
2016-08-14 12:26:09,2016-08-15 00:26:09,total_bytes,cusum,1.1999,10.520316,False,,0.000579,4409934,1127953
2016-08-14 12:26:09,2016-08-15 00:26:09,packet_rate,ks,0.039029,0.001717,True,0.0,0.039029,4409934,1127953
2016-08-14 12:26:09,2016-08-15 00:26:09,packet_rate,wasserstein,11.114514,0.1,True,,0.929173,4409934,1127953
2016-08-14 12:26:09,2016-08-15 00:26:09,packet_rate,psi,0.012619,0.2,False,,0.012619,4409934,1127953
2016-08-14 12:26:09,2016-08-15 00:26:09,packet_rate,cusum,0.0,10.520316,False,,0.053489,4409934,1127953
2016-08-14 12:26:09,2016-08-15 00:26:09,byte_rate,ks,0.037453,0.001717,True,0.0,0.037453,4409934,1127953
2016-08-14 12:26:09,2016-08-15 00:26:09,byte_rate,wasserstein,14377.089807,0.1,True,,10.501526,4409934,1127953
2016-08-14 12:26:09,2016-08-15 00:26:09,byte_rate,psi,0.010256,0.2,False,,0.010256,4409934,1127953
2016-08-14 12:26:09,2016-08-15 00:26:09,byte_rate,cusum,0.0,10.520316,False,,0.05485,4409934,1127953
2016-08-14 12:26:09,2016-08-15 00:26:09,mean_packet_size,ks,0.092273,0.001717,True,0.0,0.092273,4409934,1127953
2016-08-14 12:26:09,2016-08-15 00:26:09,mean_packet_size,wasserstein,16.131938,0.1,True,,0.167692,4409934,1127953
2016-08-14 12:26:09,2016-08-15 00:26:09,mean_packet_size,psi,0.0629,0.2,False,,0.0629,4409934,1127953
2016-08-14 12:26:09,2016-08-15 00:26:09,mean_packet_size,cusum,2.599669,10.520316,False,,0.039216,4409934,1127953
2016-08-14 12:26:09,2016-08-15 00:26:09,bytes_per_packet,ks,0.092273,0.001717,True,0.0,0.092273,4409934,1127953
2016-08-14 12:26:09,2016-08-15 00:26:09,bytes_per_packet,wasserstein,16.131938,0.1,True,,0.167692,4409934,1127953
2016-08-14 12:26:09,2016-08-15 00:26:09,bytes_per_packet,psi,0.0629,0.2,False,,0.0629,4409934,1127953
2016-08-14 12:26:09,2016-08-15 00:26:09,bytes_per_packet,cusum,2.599669,10.520316,False,,0.039216,4409934,1127953
2016-08-14 12:26:09,2016-08-15 00:26:09,duration_log1p,ks,0.086581,0.001717,True,0.0,0.086581,4409934,1127953
2016-08-14 12:26:09,2016-08-15 00:26:09,duration_log1p,wasserstein,0.109739,0.1,True,,0.10471,4409934,1127953
2016-08-14 12:26:09,2016-08-15 00:26:09,duration_log1p,psi,0.041454,0.2,False,,0.041454,4409934,1127953
2016-08-14 12:26:09,2016-08-15 00:26:09,duration_log1p,cusum,1.787725,10.520316,False,,0.081707,4409934,1127953
2016-08-15 00:26:09,2016-08-15 12:26:09,flow_duration,ks,0.031821,0.002801,True,1.92e-297,0.031821,4409934,365605
2016-08-15 00:26:09,2016-08-15 12:26:09,flow_duration,wasserstein,0.689682,0.1,True,,0.372399,4409934,365605
2016-08-15 00:26:09,2016-08-15 12:26:09,flow_duration,psi,0.02129,0.2,False,,0.02129,4409934,365605
2016-08-15 00:26:09,2016-08-15 12:26:09,flow_duration,cusum,4.647874,8.56461,False,,0.015767,4409934,365605
2016-08-15 00:26:09,2016-08-15 12:26:09,total_packets,ks,0.065385,0.002801,True,0.0,0.065385,4409934,365605
2016-08-15 00:26:09,2016-08-15 12:26:09,total_packets,wasserstein,5.544677,0.1,True,,0.792097,4409934,365605
2016-08-15 00:26:09,2016-08-15 12:26:09,total_packets,psi,0.025041,0.2,False,,0.025041,4409934,365605
2016-08-15 00:26:09,2016-08-15 12:26:09,total_packets,cusum,1.01494,8.56461,False,,0.000713,4409934,365605
2016-08-15 00:26:09,2016-08-15 12:26:09,total_bytes,ks,0.108797,0.002801,True,0.0,0.108797,4409934,365605
2016-08-15 00:26:09,2016-08-15 12:26:09,total_bytes,wasserstein,4860.091296,0.1,True,,4.691208,4409934,365605
2016-08-15 00:26:09,2016-08-15 12:26:09,total_bytes,psi,0.132853,0.2,False,,0.132853,4409934,365605
2016-08-15 00:26:09,2016-08-15 12:26:09,total_bytes,cusum,1.151327,8.56461,False,,4.9e-05,4409934,365605
2016-08-15 00:26:09,2016-08-15 12:26:09,packet_rate,ks,0.054431,0.002801,True,0.0,0.054431,4409934,365605
2016-08-15 00:26:09,2016-08-15 12:26:09,packet_rate,wasserstein,12.762661,0.1,True,,1.066958,4409934,365605
2016-08-15 00:26:09,2016-08-15 12:26:09,packet_rate,psi,0.017129,0.2,False,,0.017129,4409934,365605
2016-08-15 00:26:09,2016-08-15 12:26:09,packet_rate,cusum,0.0,8.56461,False,,0.061698,4409934,365605
2016-08-15 00:26:09,2016-08-15 12:26:09,byte_rate,ks,0.055436,0.002801,True,0.0,0.055436,4409934,365605
2016-08-15 00:26:09,2016-08-15 12:26:09,byte_rate,wasserstein,15189.83827,0.1,True,,11.095186,4409934,365605
2016-08-15 00:26:09,2016-08-15 12:26:09,byte_rate,psi,0.019884,0.2,False,,0.019884,4409934,365605
2016-08-15 00:26:09,2016-08-15 12:26:09,byte_rate,cusum,0.0,8.56461,False,,0.058124,4409934,365605
2016-08-15 00:26:09,2016-08-15 12:26:09,mean_packet_size,ks,0.068913,0.002801,True,0.0,0.068913,4409934,365605
2016-08-15 00:26:09,2016-08-15 12:26:09,mean_packet_size,wasserstein,22.418263,0.1,True,,0.233038,4409934,365605
2016-08-15 00:26:09,2016-08-15 12:26:09,mean_packet_size,psi,0.053672,0.2,False,,0.053672,4409934,365605
2016-08-15 00:26:09,2016-08-15 12:26:09,mean_packet_size,cusum,0.070907,8.56461,False,,0.072482,4409934,365605
2016-08-15 00:26:09,2016-08-15 12:26:09,bytes_per_packet,ks,0.068913,0.002801,True,0.0,0.068913,4409934,365605
2016-08-15 00:26:09,2016-08-15 12:26:09,bytes_per_packet,wasserstein,22.418263,0.1,True,,0.233038,4409934,365605
2016-08-15 00:26:09,2016-08-15 12:26:09,bytes_per_packet,psi,0.053672,0.2,False,,0.053672,4409934,365605
2016-08-15 00:26:09,2016-08-15 12:26:09,bytes_per_packet,cusum,0.070907,8.56461,False,,0.072482,4409934,365605
2016-08-15 00:26:09,2016-08-15 12:26:09,duration_log1p,ks,0.031821,0.002801,True,1.92e-297,0.031821,4409934,365605
2016-08-15 00:26:09,2016-08-15 12:26:09,duration_log1p,wasserstein,0.05814,0.1,False,,0.055476,4409934,365605
2016-08-15 00:26:09,2016-08-15 12:26:09,duration_log1p,psi,0.02129,0.2,False,,0.02129,4409934,365605
2016-08-15 00:26:09,2016-08-15 12:26:09,duration_log1p,cusum,2.097167,8.56461,False,,0.014893,4409934,365605
