ablation,variant,model,f1,precision,recall,false_positive_rate,roc_auc,pr_auc,train_rows,eval_rows,note,experiment_id,seconds,n_features,dropped,alerts,comparisons,alert_rate,mean_effect_size,history_rows,threshold,f1_gain,f1_recovery_pct,target_fpr,achieved_fpr
split_mode,temporal,logistic_regression,0.8392117838132164,0.7845257319384961,0.9020929622378752,0.060042845823510424,0.96301948030869,0.8264308828906689,1270025.0,508002.0,"trained on the earliest 50%, evaluated on the latest 20%",20260925T205657Z_ablation_unsw_nb15_d6d364,11.03,,,,,,,,,,,,
split_mode,random,logistic_regression,0.8030290920716112,0.7038693256118065,0.9347091292483255,0.05718750140922558,0.9738585477807216,0.7797677744692458,1270023.0,508002.0,"same rows, shuffled first; evaluates on contemporaneous traffic",20260925T205657Z_ablation_unsw_nb15_d6d364,11.03,,,,,,,,,,,,
feature_policy,not_applicable,logistic_regression,0.8392117838132164,0.7845257319384961,0.9020929622378752,0.060042845823510424,0.96301948030869,0.8264308828906689,,,"the common schema already excludes every payload-derived field (trans_depth, response_body_len, is_ftp_login, ct_ftp_cmd, ct_flw_http_mthd), so the metadata-only policy is already in force and there is no richer arm to compare against; the numbers reported here are the metadata-only detector",20260925T205657Z_ablation_unsw_nb15_d6d364,5.07,16.0,[],,,,,,,,,,
drift_threshold,ks_alpha_0.001,logistic_regression,,,,,,,,,,20260925T205657Z_ablation_unsw_nb15_d6d364,301.65,,,172.0,256.0,0.671875,1.02571533203125,,,,,,
drift_threshold,ks_alpha_0.01,logistic_regression,,,,,,,,,,20260925T205657Z_ablation_unsw_nb15_d6d364,301.65,,,172.0,256.0,0.671875,1.02571533203125,,,,,,
drift_threshold,ks_alpha_0.05,logistic_regression,,,,,,,,,,20260925T205657Z_ablation_unsw_nb15_d6d364,301.65,,,172.0,256.0,0.671875,1.02571533203125,,,,,,
drift_threshold,psi_0.10,logistic_regression,,,,,,,,,,20260925T205657Z_ablation_unsw_nb15_d6d364,301.65,,,180.0,256.0,0.703125,1.02571533203125,,,,,,
drift_threshold,psi_0.20,logistic_regression,,,,,,,,,,20260925T205657Z_ablation_unsw_nb15_d6d364,301.65,,,172.0,256.0,0.671875,1.02571533203125,,,,,,
drift_threshold,psi_0.50,logistic_regression,,,,,,,,,,20260925T205657Z_ablation_unsw_nb15_d6d364,301.65,,,168.0,256.0,0.65625,1.02571533203125,,,,,,
drift_threshold,wasserstein_0.05,logistic_regression,,,,,,,,,,20260925T205657Z_ablation_unsw_nb15_d6d364,301.65,,,177.0,256.0,0.69140625,1.02571533203125,,,,,,
drift_threshold,wasserstein_0.10,logistic_regression,,,,,,,,,,20260925T205657Z_ablation_unsw_nb15_d6d364,301.65,,,172.0,256.0,0.671875,1.02571533203125,,,,,,
drift_threshold,wasserstein_0.25,logistic_regression,,,,,,,,,,20260925T205657Z_ablation_unsw_nb15_d6d364,301.65,,,158.0,256.0,0.6171875,1.02571533203125,,,,,,
drift_threshold,cusum_far_0.01,logistic_regression,,,,,,,,,,20260925T205657Z_ablation_unsw_nb15_d6d364,301.65,,,172.0,256.0,0.671875,1.02571533203125,,,,,,
drift_threshold,cusum_far_0.05,logistic_regression,,,,,,,,,,20260925T205657Z_ablation_unsw_nb15_d6d364,301.65,,,172.0,256.0,0.671875,1.02571533203125,,,,,,
drift_threshold,cusum_far_0.20,logistic_regression,,,,,,,,,,20260925T205657Z_ablation_unsw_nb15_d6d364,301.65,,,173.0,256.0,0.67578125,1.02571533203125,,,,,,
adaptation_window,none,logistic_regression,0.8392117838132164,,0.9020929622378752,0.060042845823510424,,,,,unadapted forward performance,20260925T205657Z_ablation_unsw_nb15_d6d364,34.13,,,,,,,,,,,,
adaptation_window,recent_1h,logistic_regression,0.8324731965997211,0.7434239751237467,0.9457585726683755,0.07910092245688517,,,,,,20260925T205657Z_ablation_unsw_nb15_d6d364,34.13,,,,,,,168415.0,0.2576566939581562,-0.006738587213495295,-21.62872924592377,,
adaptation_window,recent_3h,logistic_regression,0.8373824749511105,0.7522935779816514,0.944174218418875,0.07533968521036517,,,,,,20260925T205657Z_ablation_unsw_nb15_d6d364,34.13,,,,,,,421412.0,0.32802901333027135,-0.0018293088621058606,-5.871501671213649,,
adaptation_window,recent_6h,logistic_regression,0.8367635099509378,0.7508419938414165,0.9448907098310695,0.07598530720846743,,,,,,20260925T205657Z_ablation_unsw_nb15_d6d364,34.13,,,,,,,780289.0,0.35863195283087046,-0.002448273862278527,-7.858183148694109,,
adaptation_window,recent_12h,logistic_regression,0.8380112951840953,0.753347773921586,0.9441136698488304,0.07490927054496366,,,,,,20260925T205657Z_ablation_unsw_nb15_d6d364,34.13,,,,,,,944842.0,0.38455881548861887,-0.0012004886291210326,-3.853188019896678,,
telemetry_family,without_timing,logistic_regression,0.8350035516135844,,0.8778432599350112,0.05446946501413521,0.95834466757816,0.8401266271176152,,,,20260925T205657Z_ablation_unsw_nb15_d6d364,19.26,14.0,"['flow_duration', 'duration_log1p']",,,,,,,,,,
telemetry_family,without_volume,logistic_regression,0.7762554884082895,,0.8153369527922982,0.06915247439521849,0.944968923373523,0.7883171182719296,,,,20260925T205657Z_ablation_unsw_nb15_d6d364,19.26,12.0,"['total_packets', 'total_bytes', 'packets_log1p', 'bytes_log1p']",,,,,,,,,,
telemetry_family,without_direction,logistic_regression,0.26727167702468524,,0.1937756069994147,0.06209954317352558,0.8973523957723037,0.576255083392404,,,,20260925T205657Z_ablation_unsw_nb15_d6d364,19.26,10.0,"['forward_packets', 'backward_packets', 'forward_bytes', 'backward_bytes', 'bytes_ratio', 'packets_ratio']",,,,,,,,,,
telemetry_family,without_rates,logistic_regression,0.8439182828092638,,0.9046057278947263,0.05797147524626566,0.9631152514330135,0.8295226359862344,,,,20260925T205657Z_ablation_unsw_nb15_d6d364,19.26,14.0,"['packet_rate', 'byte_rate']",,,,,,,,,,
telemetry_family,without_size_shape,logistic_regression,0.7667560871773039,,0.7542636284739742,0.05165465092392421,0.9467520348056228,0.7457631633131225,,,,20260925T205657Z_ablation_unsw_nb15_d6d364,19.26,14.0,"['mean_packet_size', 'bytes_per_packet']",,,,,,,,,,
target_fpr,fpr_0.01,logistic_regression,0.0685111002957583,0.472258064516129,0.036934627727208506,,,,,,,20260925T205657Z_ablation_unsw_nb15_d6d364,6.08,,,,,,,,0.9898325247054517,,,0.01,0.010002249894841872
target_fpr,fpr_0.02,logistic_regression,0.8255959712072694,0.9021545381679846,0.7610147940339476,,,,,,,20260925T205657Z_ablation_unsw_nb15_d6d364,6.08,,,,,,,,0.9558128099984037,,,0.02,0.020002054251812142
target_fpr,fpr_0.05,logistic_regression,0.8392117838132164,0.7845257319384961,0.9020929622378752,,,,,,,20260925T205657Z_ablation_unsw_nb15_d6d364,6.08,,,,,,,,0.8902961980245994,,,0.05,0.060042845823510424
target_fpr,fpr_0.1,logistic_regression,0.763744036568632,0.6595059391484898,0.9071184935515773,,,,,,,20260925T205657Z_ablation_unsw_nb15_d6d364,6.08,,,,,,,,0.8747770209318209,,,0.1,0.11349496708306024
target_fpr,fpr_0.2,logistic_regression,0.652258179038621,0.5087681622180653,0.9084808363775809,,,,,,,20260925T205657Z_ablation_unsw_nb15_d6d364,6.08,,,,,,,,0.8698317352889268,,,0.2,0.21257104287516995
split_mode,temporal,random_forest,0.8785037601328255,0.7842569988269237,0.9984963771772256,0.06656509532706624,0.9980289413912167,0.9931973724927657,1270025.0,508002.0,"trained on the earliest 50%, evaluated on the latest 20%",20260925T205657Z_ablation_unsw_nb15_d6d364,78.76,,,,,,,,,,,,
split_mode,random,random_forest,0.8345297662586496,0.7163160760520496,0.9994728355246837,0.057561791723223586,0.9992369831651796,0.9960782819839515,1270023.0,508002.0,"same rows, shuffled first; evaluates on contemporaneous traffic",20260925T205657Z_ablation_unsw_nb15_d6d364,78.76,,,,,,,,,,,,
feature_policy,not_applicable,random_forest,0.8785037601328255,0.7842569988269237,0.9984963771772256,0.06656509532706624,0.9980289413912167,0.9931973724927657,,,"the common schema already excludes every payload-derived field (trans_depth, response_body_len, is_ftp_login, ct_ftp_cmd, ct_flw_http_mthd), so the metadata-only policy is already in force and there is no richer arm to compare against; the numbers reported here are the metadata-only detector",20260925T205657Z_ablation_unsw_nb15_d6d364,37.89,16.0,[],,,,,,,,,,
drift_threshold,ks_alpha_0.001,random_forest,,,,,,,,,,20260925T205657Z_ablation_unsw_nb15_d6d364,302.61,,,172.0,256.0,0.671875,1.02571533203125,,,,,,
drift_threshold,ks_alpha_0.01,random_forest,,,,,,,,,,20260925T205657Z_ablation_unsw_nb15_d6d364,302.61,,,172.0,256.0,0.671875,1.02571533203125,,,,,,
drift_threshold,ks_alpha_0.05,random_forest,,,,,,,,,,20260925T205657Z_ablation_unsw_nb15_d6d364,302.61,,,172.0,256.0,0.671875,1.02571533203125,,,,,,
drift_threshold,psi_0.10,random_forest,,,,,,,,,,20260925T205657Z_ablation_unsw_nb15_d6d364,302.61,,,180.0,256.0,0.703125,1.02571533203125,,,,,,
drift_threshold,psi_0.20,random_forest,,,,,,,,,,20260925T205657Z_ablation_unsw_nb15_d6d364,302.61,,,172.0,256.0,0.671875,1.02571533203125,,,,,,
drift_threshold,psi_0.50,random_forest,,,,,,,,,,20260925T205657Z_ablation_unsw_nb15_d6d364,302.61,,,168.0,256.0,0.65625,1.02571533203125,,,,,,
drift_threshold,wasserstein_0.05,random_forest,,,,,,,,,,20260925T205657Z_ablation_unsw_nb15_d6d364,302.61,,,177.0,256.0,0.69140625,1.02571533203125,,,,,,
drift_threshold,wasserstein_0.10,random_forest,,,,,,,,,,20260925T205657Z_ablation_unsw_nb15_d6d364,302.61,,,172.0,256.0,0.671875,1.02571533203125,,,,,,
drift_threshold,wasserstein_0.25,random_forest,,,,,,,,,,20260925T205657Z_ablation_unsw_nb15_d6d364,302.61,,,158.0,256.0,0.6171875,1.02571533203125,,,,,,
drift_threshold,cusum_far_0.01,random_forest,,,,,,,,,,20260925T205657Z_ablation_unsw_nb15_d6d364,302.61,,,172.0,256.0,0.671875,1.02571533203125,,,,,,
drift_threshold,cusum_far_0.05,random_forest,,,,,,,,,,20260925T205657Z_ablation_unsw_nb15_d6d364,302.61,,,172.0,256.0,0.671875,1.02571533203125,,,,,,
drift_threshold,cusum_far_0.20,random_forest,,,,,,,,,,20260925T205657Z_ablation_unsw_nb15_d6d364,302.61,,,173.0,256.0,0.67578125,1.02571533203125,,,,,,
adaptation_window,none,random_forest,0.8785037601328255,,0.9984963771772256,0.06656509532706624,,,,,unadapted forward performance,20260925T205657Z_ablation_unsw_nb15_d6d364,146.35,,,,,,,,,,,,
adaptation_window,recent_1h,random_forest,0.8344899112119194,0.7166401158580739,0.9987284800290633,0.09569878799143083,,,,,,20260925T205657Z_ablation_unsw_nb15_d6d364,146.35,,,,,,,168415.0,0.00031392781974006807,-0.044013848920906096,-217.27432175303485,,
adaptation_window,recent_3h,random_forest,0.832996667003333,0.7144300873457012,0.9987486628857448,0.09674547820047541,,,,,,20260925T205657Z_ablation_unsw_nb15_d6d364,146.35,,,,,,,421412.0,0.00019902857089391802,-0.045507093129492526,-224.64572031477613,,
adaptation_window,recent_6h,random_forest,0.8141017997310889,0.6869522375424159,0.9990110400226048,0.11032555000146732,,,,,,20260925T205657Z_ablation_unsw_nb15_d6d364,146.35,,,,,,,780289.0,0.00016797770365681148,-0.06440196040173662,-317.9202139535373,,
adaptation_window,recent_12h,random_forest,0.8874403174105041,0.7984285380079218,0.9987890285991079,0.061106654797656194,,,,,,20260925T205657Z_ablation_unsw_nb15_d6d364,146.35,,,,,,,944842.0,0.00030866150387279213,0.008936557277678614,44.115306180198424,,
telemetry_family,without_timing,random_forest,0.879812118866842,,0.9980523543302319,0.06560889001927084,0.9979125370683636,0.9925519768070827,,,,20260925T205657Z_ablation_unsw_nb15_d6d364,151.89,14.0,"['flow_duration', 'duration_log1p']",,,,,,,,,,
telemetry_family,without_volume,random_forest,0.8784447748607443,,0.9986376571739964,0.06664579807682902,0.9980630953337469,0.9920942146925951,,,,20260925T205657Z_ablation_unsw_nb15_d6d364,151.89,12.0,"['total_packets', 'total_bytes', 'packets_log1p', 'bytes_log1p']",,,,,,,,,,
telemetry_family,without_direction,random_forest,0.8812196392553575,,0.9986174743173148,0.06490457511225019,0.9979168711644287,0.9921494165420861,,,,20260925T205657Z_ablation_unsw_nb15_d6d364,151.89,10.0,"['forward_packets', 'backward_packets', 'forward_bytes', 'backward_bytes', 'bytes_ratio', 'packets_ratio']",,,,,,,,,,
telemetry_family,without_rates,random_forest,0.8784029199284227,,0.9981734514703211,0.06652841225899224,0.9977125065249396,0.9910452059158352,,,,20260925T205657Z_ablation_unsw_nb15_d6d364,151.89,14.0,"['packet_rate', 'byte_rate']",,,,,,,,,,
telemetry_family,without_size_shape,random_forest,0.8822291010624537,,0.9980119886168688,0.06409021100100756,0.9979850780384643,0.9920248202936068,,,,20260925T205657Z_ablation_unsw_nb15_d6d364,151.89,14.0,"['mean_packet_size', 'bytes_per_packet']",,,,,,,,,,
target_fpr,fpr_0.01,random_forest,0.9573687667357147,0.9586183172123518,0.9561224695743435,,,,,,,20260925T205657Z_ablation_unsw_nb15_d6d364,38.31,,,,,,,,0.6899261553165917,,,0.01,0.010002249894841872
target_fpr,fpr_0.02,random_forest,0.956501021102791,0.9229679259801438,0.9925626173128544,,,,,,,20260925T205657Z_ablation_unsw_nb15_d6d364,38.31,,,,,,,,0.15,,,0.02,0.02007542038796013
target_fpr,fpr_0.05,random_forest,0.8785037601328255,0.7842569988269237,0.9984963771772256,,,,,,,20260925T205657Z_ablation_unsw_nb15_d6d364,38.31,,,,,,,,0.007468622133622719,,,0.05,0.06656509532706624
target_fpr,fpr_0.1,random_forest,0.8249138466282466,0.702565922560954,0.9988596685974933,,,,,,,20260925T205657Z_ablation_unsw_nb15_d6d364,38.31,,,,,,,,0.0010450420570060398,,,0.1,0.1024778189715046
target_fpr,fpr_0.2,random_forest,0.6919030759713548,0.5292497874638421,0.9988899428825155,,,,,,,20260925T205657Z_ablation_unsw_nb15_d6d364,38.31,,,,,,,,0.0003166536730304575,,,0.2,0.21531249082923298
